Levy limit formula: current year's property tax levy = (previous year's property tax levy) x (1 + previous year's inflation rate + previous year's population growth rate),,,,,,,,,,,,,,,,,
County,2020-21_act,2021-22_act,2021-22_hyp,2022-23_act,2022-23_hyp,2023-24_act,2023-24_hyp,2024-25_act,2024-25_hyp,2025-26_act,2025_26_hyp,5-year_act,5-year_hyp,savings_amount,5-year_pct_diff,savings_rate,grade
Alamance ,"100,814,360","103,248,116","102,684,806","104,799,190","110,337,907","112,293,202","122,531,906","121,254,356","128,812,270","133,091,439","135,442,505","574,686,303","599,809,393","-$25,123,090",-4%,-0.0437,A
Alexander ,"21,469,654","22,215,705","21,419,426","22,562,721","22,361,349","27,452,485","24,369,275","26,960,355","25,307,001","27,602,273","26,137,174","126,793,539","119,594,224","$7,199,315",6%,0.0568,B
Alleghany ,"10,580,693","11,681,990","10,616,021","12,022,139","11,355,367","12,495,435","12,688,165","12,926,294","13,318,300","13,282,980","13,743,871","62,408,838","61,721,724","$687,114",1%,0.0110,B
Anson ,"16,600,996","16,837,552","16,659,711","16,733,306","17,596,921","18,324,069","19,360,467","18,045,968","19,943,916","18,675,283","20,436,126","88,616,178","93,997,141","-$5,380,963",-6%,-0.0607,A
Ashe ,"18,652,342","21,377,410","18,655,514","21,931,425","19,613,810","26,560,957","21,618,540","26,825,057","22,128,136","27,209,339","22,881,649","123,904,188","104,897,649","$19,006,539",18%,0.1534,C
Avery ,"22,905,055","23,569,584","22,945,585","23,900,556","23,588,921","24,565,090","25,888,104","25,246,041","27,081,159","25,945,644","28,294,693","123,226,915","127,798,462","-$4,571,547",-4%,-0.0371,A
Beaufort ,"40,038,995","38,199,202","39,968,054","39,361,551","41,844,228","40,363,837","45,837,907","41,149,561","47,300,325","43,845,067","48,814,757","202,919,218","223,765,270","-$20,846,052",-9%,-0.1027,A
Bertie ,"12,537,709","12,259,651","12,322,560","12,380,707","12,627,652","12,904,761","13,534,769","13,906,881","13,966,379","14,389,275","14,468,133","65,841,275","66,919,493","-$1,078,218",-2%,-0.0164,A
Bladen ,"24,992,535","25,335,726","24,721,558","27,078,055","25,776,384","27,841,888","28,162,829","28,366,547","29,502,995","29,256,108","30,328,468","137,878,324","138,492,234","-$613,910",0%,-0.0045,A
Brunswick ,"145,983,884","152,272,355","152,253,058","158,994,284","168,630,656","174,653,310","193,604,740","181,510,263","210,037,639","192,664,580","226,682,766","860,094,792","951,208,859","-$91,114,067",-10%,-0.1059,A
Buncombe ,"216,206,555","235,791,097","219,486,716","241,930,435","234,256,838","255,508,808","257,670,701","273,036,795","269,186,680","292,375,443","279,112,776","1,298,642,578","1,259,713,711","$38,928,867",3%,0.0300,B
Burke ,"51,232,594","52,647,243","51,172,331","54,412,655","54,513,031","59,547,317","59,939,277","61,150,530","62,597,303","62,141,849","64,756,156","289,899,594","292,978,097","-$3,078,503",-1%,-0.0106,A
Cabarrus ,"211,904,836","220,724,947","218,544,513","226,904,952","236,330,148","239,878,696","263,961,725","275,066,836","277,549,090","287,669,831","290,210,955","1,250,245,262","1,286,596,431","-$36,351,169",-3%,-0.0291,A
Caldwell ,"48,535,136","52,838,669","48,739,648","53,648,913","51,843,321","55,368,828","56,542,600","55,406,594","58,781,080","60,478,582","60,746,742","277,741,586","276,653,391","$1,088,195",0%,0.0039,B
Camden ,"8,707,842","10,536,105","8,844,349","10,934,439","9,481,028","12,619,990","10,557,117","12,763,843","11,008,645","13,275,443","11,494,883","60,129,820","51,386,021","$8,743,799",17%,0.1454,C
Carteret ,"54,061,630","55,345,082","54,435,855","56,706,478","58,651,346","59,763,252","64,898,773","61,052,667","67,756,111","72,401,908","70,465,073","305,269,387","316,207,158","-$10,937,771",-3%,-0.0358,A
Caswell ,"12,572,416","13,004,608","12,372,647","12,970,739","12,910,948","13,207,940","13,947,362","14,239,960","14,458,004","15,204,067","14,928,313","68,627,314","68,617,273","$10,041",0%,0.0001,B
Catawba ,"108,816,348","111,803,179","110,405,659","116,635,527","117,819,369","124,254,707","129,887,538","127,519,177","135,675,395","129,220,963","141,529,703","609,433,553","635,317,663","-$25,884,110",-4%,-0.0425,A
Chatham ,"80,476,974","92,098,580","82,003,785","95,606,392","87,168,264","103,121,949","97,709,966","114,951,024","103,666,687","137,739,646","109,193,399","543,517,591","479,742,101","$63,775,490",13%,0.1173,C
Cherokee ,"17,238,894","19,182,648","17,211,001","24,304,243","18,132,547","25,318,530","19,955,606","25,679,911","21,039,597","26,187,252","22,116,387","120,672,584","98,455,138","$22,217,446",23%,0.1841,C
Chowan ,"11,367,147","11,674,662","11,363,921","12,807,429","11,938,677","12,924,695","13,221,446","14,157,913","13,675,639","17,323,255","14,047,635","68,887,954","64,247,318","$4,640,636",7%,0.0674,B
Clay ,"8,654,553","8,896,560","8,655,273","9,069,354","9,264,529","9,310,760","10,310,197","9,532,848","10,868,817","9,784,057","11,535,395","46,593,579","50,634,211","-$4,040,632",-8%,-0.0867,A
Cleveland ,"69,173,902","72,583,448","70,082,061","75,165,624","73,514,901","77,229,595","80,613,313","77,162,850","83,903,973","84,507,735","86,516,614","386,649,252","394,630,861","-$7,981,609",-2%,-0.0206,A
Columbus ,"30,885,651","34,592,418","30,345,889","34,620,513","31,563,976","35,560,953","34,725,578","38,592,937","35,991,596","36,404,978","36,982,281","179,771,799","169,609,321","$10,162,478",6%,0.0565,B
Craven ,"54,394,863","57,344,933","55,105,212","58,457,915","59,428,191","63,844,067","65,559,624","64,767,405","68,079,958","65,977,229","70,875,626","310,391,549","319,048,611","-$8,657,062",-3%,-0.0279,A
Cumberland ,"192,170,046","194,694,951","195,434,628","198,391,143","210,247,947","203,493,102","229,366,251","206,805,419","236,289,236","212,000,554","242,592,806","1,015,385,169","1,113,930,867","-$98,545,698",-9%,-0.0971,A
Currituck ,"32,303,668","37,362,689","33,712,065","38,663,334","36,828,633","48,111,727","42,173,994","55,239,336","44,748,322","57,237,630","47,219,390","236,614,716","204,682,404","$31,932,312",16%,0.1350,C
Dare ,"67,619,940","68,279,056","68,994,110","69,039,455","74,686,862","70,202,224","82,195,156","71,213,480","85,132,794","76,180,697","87,893,286","354,914,912","398,902,207","-$43,987,295",-11%,-0.1239,A
Davidson ,"82,640,805","94,823,448","83,700,122","97,534,574","89,533,665","100,790,628","98,874,050","104,856,795","103,636,989","108,446,518","108,206,274","506,451,963","483,951,100","$22,500,863",5%,0.0444,B
Davie ,"35,815,043","39,056,062","36,344,146","40,490,702","38,570,817","42,001,652","42,677,935","44,237,522","44,620,142","52,091,918","46,754,957","217,877,856","208,967,997","$8,909,859",4%,0.0409,B
Duplin ,"34,005,072","34,642,910","33,514,009","36,171,394","35,064,038","37,135,803","38,574,769","37,637,307","40,319,410","41,702,475","41,965,689","187,289,889","189,437,914","-$2,148,025",-1%,-0.0115,A
Durham ,"321,535,960","339,914,661","323,940,657","356,145,222","349,313,786","386,490,171","385,924,736","423,532,096","404,143,199","483,021,156","422,050,129","1,989,103,306","1,885,372,507","$103,730,799",6%,0.0521,B
Edgecombe ,"32,342,213","33,375,093","32,306,537","32,982,647","34,200,064","33,698,672","37,314,364","39,804,083","38,595,063","39,958,224","39,566,372","179,818,719","181,982,400","-$2,163,681",-1%,-0.0120,A
Forsyth ,"283,472,955","292,076,128","287,223,692","300,240,970","307,712,672","308,383,266","339,213,748","314,406,656","353,777,845","352,186,919","366,816,046","1,567,293,939","1,654,744,003","-$87,450,064",-5%,-0.0558,A
Franklin ,"50,451,774","53,254,590","51,764,110","56,481,082","55,803,392","60,329,399","64,394,643","66,021,768","69,099,183","67,453,484","73,939,667","303,540,323","315,000,995","-$11,460,672",-4%,-0.0378,A
Gaston ,"168,674,807","175,478,417","171,923,629","178,320,261","184,891,900","206,226,360","204,906,347","206,830,129","215,208,672","213,967,202","225,146,869","980,822,369","1,002,077,417","-$21,255,048",-2%,-0.0217,A
Gates ,"7,511,916","7,703,922","7,367,222","8,382,680","7,687,003","8,563,320","8,336,972","8,676,384","8,563,247","9,398,343","8,699,156","42,724,649","40,653,600","$2,071,049",5%,0.0485,B
Graham ,"7,702,994","7,799,979","7,714,040","7,914,985","8,070,124","9,982,381","8,806,430","9,847,478","9,209,594","10,059,886","9,441,902","45,604,709","43,242,091","$2,362,618",5%,0.0518,B
Granville ,"38,478,544","44,214,080","38,133,496","45,079,077","39,977,703","45,571,621","44,137,261","56,280,060","46,032,274","56,387,275","47,512,628","247,532,113","215,793,362","$31,738,751",15%,0.1282,C
Greene ,"9,241,016","10,016,933","9,227,276","10,328,395","9,569,319","10,832,137","10,502,574","11,188,922","10,960,157","11,394,277","11,351,467","53,760,664","51,610,793","$2,149,871",4%,0.0400,B
Guilford ,"391,966,198","403,055,366","394,830,106","508,101,248","421,875,353","524,542,091","463,253,470","536,202,351","482,087,897","549,532,480","499,448,911","2,521,433,536","2,261,495,736","$259,937,800",11%,0.1031,C
Halifax ,"30,473,353","31,274,199","30,094,251","31,881,090","31,492,570","32,842,896","34,043,012","36,771,685","34,786,918","37,908,378","35,671,249","170,678,248","166,087,999","$4,590,249",3%,0.0269,B
Harnett ,"69,724,654","72,859,604","70,467,709","80,280,495","74,434,360","91,784,872","82,999,593","88,379,594","87,735,623","95,167,231","92,906,348","428,471,796","408,543,634","$19,928,162",5%,0.0465,B
Haywood ,"45,545,587","51,584,006","46,046,306","52,977,148","49,100,362","56,035,149","53,889,659","56,691,206","56,182,035","56,608,462","58,066,223","273,895,971","263,284,585","$10,611,386",4%,0.0387,B
Henderson ,"92,667,835","95,809,539","94,098,471","99,080,695","100,373,792","107,143,699","111,096,220","108,965,025","116,459,094","112,080,007","121,238,450","523,078,965","543,266,027","-$20,187,062",-4%,-0.0386,A
Hertford ,"14,182,773","14,499,724","14,043,204","14,824,336","13,436,140","15,314,095","14,512,162","15,547,775","14,727,979","16,091,603","15,369,404","76,277,533","72,088,889","$4,188,644",6%,0.0549,B
Hoke ,"28,873,695","30,045,140","29,195,103","34,090,240","31,681,380","35,299,806","35,182,820","36,988,124","36,823,992","38,736,448","38,150,994","175,159,758","171,034,290","$4,125,468",2%,0.0236,B
Hyde ,"7,385,249","7,454,647","7,227,013","8,583,618","7,714,316","10,162,024","8,472,968","12,553,284","8,896,748","12,768,531","9,104,505","51,522,104","41,415,551","$10,106,553",24%,0.1962,C
Iredell ,"144,891,727","150,076,235","148,947,228","154,775,793","161,232,149","205,113,696","180,137,586","212,738,871","190,081,287","222,019,214","201,577,529","944,723,809","881,975,779","$62,748,030",7%,0.0664,B
Jackson ,"37,614,375","41,361,054","36,840,790","44,998,424","38,671,514","46,655,226","43,578,321","48,041,794","46,210,693","61,118,173","47,757,047","242,174,671","213,058,364","$29,116,307",14%,0.1202,C
Johnston ,"167,853,444","175,751,513","173,390,434","188,935,620","188,280,478","190,658,828","213,138,808","193,768,890","227,638,876","237,576,684","241,515,091","986,691,535","1,043,963,687","-$57,272,152",-5%,-0.0580,A
Jones ,"6,861,525","7,118,668","6,757,290","8,088,356","7,081,069","8,579,995","7,809,130","8,716,191","8,237,139","9,045,619","8,485,278","41,548,829","38,369,906","$3,178,923",8%,0.0765,B
Lee ,"47,619,792","50,403,914","48,634,852","52,150,040","52,034,464","62,208,467","57,981,755","63,902,400","61,688,451","67,029,974","64,444,017","295,694,795","284,783,540","$10,911,255",4%,0.0369,B
Lenoir ,"35,180,791","36,036,950","35,152,070","37,280,202","36,696,728","39,360,383","40,097,145","39,612,975","41,595,197","46,253,231","42,986,265","198,543,741","196,527,405","$2,016,336",1%,0.0102,B
Lincoln ,"68,250,802","73,910,359","69,644,456","77,913,942","74,725,110","95,922,821","84,602,646","98,458,462","89,731,726","102,000,844","94,277,730","448,206,428","412,981,667","$35,224,761",9%,0.0786,B
Macon ,"30,762,407","33,443,972","31,098,404","34,092,493","32,790,341","35,439,277","36,388,094","35,739,087","38,105,500","36,693,161","39,717,412","175,407,990","178,099,751","-$2,691,761",-2%,-0.0153,A
Madison ,"13,541,453","13,988,201","13,618,348","14,239,173","14,404,866","14,649,961","15,878,360","16,678,772","16,659,671","17,195,719","17,320,926","76,751,826","77,882,171","-$1,130,345",-1%,-0.0147,A
Martin ,"16,419,614","16,609,308","16,216,544","16,811,265","16,828,653","17,439,199","18,334,070","17,685,516","18,821,802","20,052,722","19,508,936","88,598,010","89,710,006","-$1,111,996",-1%,-0.0126,A
Mcdowell ,"26,939,934","27,555,724","26,897,367","28,751,998","28,065,982","36,389,175","30,711,043","36,818,443","31,938,845","37,976,438","33,034,793","167,491,778","150,648,030","$16,843,748",11%,0.1006,C
Mecklenburg ,"1,174,180,516","1,205,972,345","1,190,861,833","1,244,414,856","1,275,236,179","1,375,302,524","1,418,558,187","1,422,188,587","1,495,595,130","1,492,300,028","1,573,410,252","6,740,178,340","6,953,661,580","-$213,483,240",-3%,-0.0317,A
Mitchell ,"10,747,525","10,871,777","10,763,728","13,765,934","11,270,056","13,968,733","12,327,788","14,173,031","12,660,833","14,567,833","13,071,441","67,347,308","60,093,846","$7,253,462",12%,0.1077,C
Montgomery ,"21,618,658","22,105,646","21,670,190","22,722,523","22,676,003","23,497,554","24,796,492","23,779,373","26,120,087","24,325,009","27,213,478","116,430,105","122,476,251","-$6,046,146",-5%,-0.0519,A
Moore ,"72,199,890","74,762,783","74,226,512","73,970,766","80,747,863","74,140,230","90,347,605","70,968,040","95,187,397","70,000,523","99,363,900","363,842,342","439,873,276","-$76,030,934",-17%,-0.2090,A
Nash ,"53,745,763","55,543,562","54,436,543","57,633,600","58,341,822","61,264,837","64,319,777","76,477,561","67,118,480","79,258,414","69,834,426","330,177,974","314,051,048","$16,126,926",5%,0.0488,B
New Hanover ,"199,482,170","230,246,184","202,129,129","224,600,281","217,765,427","227,273,656","243,674,127","232,585,869","256,323,047","251,847,898","267,150,192","1,166,553,888","1,187,041,922","-$20,488,034",-2%,-0.0176,A
Northampton ,"20,531,394","20,758,245","19,903,799","20,350,165","20,614,093","23,440,217","22,162,093","23,624,171","22,701,377","24,614,180","23,207,915","112,786,978","108,589,277","$4,197,701",4%,0.0372,B
Onslow ,"104,893,711","109,171,518","106,546,512","134,507,354","112,885,957","138,164,093","124,419,749","142,762,453","131,151,498","147,363,826","136,963,906","671,969,244","611,967,623","$60,001,621",10%,0.0893,B
Orange ,"167,532,664","180,506,882","164,218,742","185,095,648","180,785,925","191,055,968","199,642,071","203,259,374","208,779,144","218,119,292","214,828,400","978,037,164","968,254,283","$9,782,881",1%,0.0100,B
Pamlico ,"11,743,477","12,062,162","11,773,185","12,307,715","12,391,460","12,653,115","13,612,169","13,313,983","14,469,526","13,670,778","15,307,061","64,007,753","67,553,401","-$3,545,648",-5%,-0.0554,A
Pasquotank ,"26,077,178","26,256,080","26,160,959","27,440,960","28,004,915","27,904,580","30,725,847","28,253,153","31,956,075","29,276,648","33,053,717","139,131,421","149,901,514","-$10,770,093",-7%,-0.0774,A
Pender ,"50,944,824","54,071,212","51,918,796","56,850,487","56,097,876","70,057,450","63,739,483","73,658,765","68,398,444","77,033,055","72,135,550","331,670,969","312,290,149","$19,380,820",6%,0.0584,B
Perquimans ,"9,719,744","9,621,899","9,708,164","10,573,700","10,253,785","12,291,319","11,313,844","11,968,778","11,861,866","12,521,682","12,364,162","56,977,378","55,501,820","$1,475,558",3%,0.0259,B
Person ,"33,244,105","37,142,540","33,426,473","38,191,018","35,158,928","39,283,193","38,522,791","41,083,766","40,150,792","49,661,752","41,557,924","205,362,269","188,816,908","$16,545,361",9%,0.0806,B
Pitt ,"102,335,416","106,359,324","105,217,702","109,546,881","112,941,708","114,039,713","124,587,616","134,735,000","130,251,611","136,841,369","135,454,999","601,522,287","608,453,636","-$6,931,349",-1%,-0.0115,A
Polk ,"17,105,644","18,205,925","17,014,749","18,789,805","18,074,666","19,816,804","19,851,471","20,483,892","20,724,588","23,058,538","21,468,236","100,354,964","97,133,710","$3,221,254",3%,0.0321,B
Randolph ,"76,078,122","77,758,538","76,568,786","80,248,579","80,212,029","87,858,964","88,340,115","93,276,889","92,557,630","102,954,030","96,054,663","442,097,000","433,733,224","$8,363,776",2%,0.0189,B
Richmond ,"33,036,534","29,925,975","32,708,032","31,066,092","34,744,593","30,953,779","37,793,203","36,889,441","38,659,917","37,017,755","39,750,394","165,853,042","183,656,139","-$17,803,097",-10%,-0.1073,A
Robeson ,"56,911,744","59,024,320","56,212,199","61,434,715","58,990,700","63,925,615","64,941,415","73,471,840","67,778,974","74,871,261","70,113,809","332,727,751","318,037,097","$14,690,654",5%,0.0442,B
Rockingham ,"54,337,448","55,749,173","54,651,468","58,291,458","57,280,887","60,079,085","63,446,478","73,647,876","66,241,828","74,442,165","68,870,391","322,209,757","310,491,052","$11,718,705",4%,0.0364,B
Rowan ,"91,598,526","93,656,112","92,878,822","96,610,127","99,027,803","116,856,949","109,782,571","119,682,892","114,952,305","125,620,537","119,515,865","552,426,617","536,157,366","$16,269,251",3%,0.0295,B
Rutherford ,"46,573,774","47,735,878","46,410,502","47,996,307","48,663,117","49,511,027","53,495,703","50,254,461","55,740,906","51,823,099","57,703,062","247,320,772","262,013,290","-$14,692,518",-6%,-0.0594,A
Sampson ,"41,181,915","42,010,642","40,997,340","43,057,598","42,828,402","43,612,055","47,201,030","45,291,532","49,444,022","49,370,252","51,392,806","223,342,079","231,863,600","-$8,521,521",-4%,-0.0382,A
Scotland ,"23,471,563","24,305,408","22,773,283","25,041,005","23,777,849","25,437,769","26,012,236","26,290,256","26,911,457","26,851,303","27,663,272","127,925,741","127,138,097","$787,644",1%,0.0062,B
Stanly ,"34,784,800","36,956,917","35,011,431","39,526,701","36,747,302","43,056,155","41,020,189","45,647,911","43,580,837","50,581,133","45,863,342","215,768,817","202,223,102","$13,545,715",7%,0.0628,B
Stokes ,"27,800,566","30,868,674","27,875,281","31,867,463","29,300,355","32,892,752","32,562,020","36,376,409","33,788,117","41,907,181","35,103,303","173,912,479","158,629,076","$15,283,403",10%,0.0879,B
Surry ,"37,047,760","38,758,185","37,130,226","40,130,889","38,741,579","42,091,813","42,539,814","44,396,973","44,405,748","47,367,745","45,875,777","212,745,605","208,693,144","$4,052,461",2%,0.0190,B
Swain ,"6,178,097","7,185,405","6,154,041","7,330,186","6,469,672","7,431,901","7,003,409","8,774,534","7,233,838","8,767,851","7,374,637","39,489,877","34,235,597","$5,254,280",15%,0.1331,C
Transylvania ,"38,366,370","42,094,219","38,596,181","42,908,493","40,652,479","43,768,725","44,700,566","44,698,581","46,677,956","50,190,923","48,351,642","223,660,941","218,978,824","$4,682,117",2%,0.0209,B
Tyrrell ,"4,061,760","4,279,974","3,692,645","4,218,594","4,002,644","4,280,051","4,537,870","4,332,993","4,753,759","4,920,671","4,873,971","22,032,283","21,860,889","$171,394",1%,0.0078,B
Union ,"202,700,883","218,808,689","208,010,018","225,188,999","224,829,022","228,353,130","252,008,252","244,191,448","268,264,912","277,899,273","282,713,774","1,194,441,539","1,235,825,977","-$41,384,438",-3%,-0.0346,A
Vance ,"25,108,028","25,748,037","24,961,770","26,621,001","25,929,807","26,970,663","28,194,241","33,803,981","29,164,132","34,480,481","30,143,030","147,624,163","138,392,981","$9,231,182",7%,0.0625,B
Wake ,"1,140,802,199","1,161,061,262","1,164,769,801","1,232,468,841","1,256,940,654","1,360,357,433","1,395,263,602","1,592,084,052","1,478,463,311","1,612,589,315","1,557,678,110","6,958,560,903","6,853,115,478","$105,445,425",2%,0.0152,B
Warren ,"20,123,134","20,578,865","20,073,474","22,232,160","21,283,158","23,249,830","23,441,307","22,990,092","24,090,985","29,571,944","25,017,910","118,622,891","113,906,834","$4,716,057",4%,0.0398,B
Washington ,"8,529,754","8,657,694","8,411,890","8,334,294","8,750,558","8,802,859","9,475,243","8,834,397","9,747,529","9,065,390","9,909,664","43,694,634","46,294,884","-$2,600,250",-6%,-0.0595,A
Watauga ,"38,286,167","39,189,468","38,559,309","46,960,969","41,682,329","45,322,942","45,731,752","46,513,639","47,415,647","48,265,529","48,760,892","226,252,547","222,149,930","$4,102,617",2%,0.0181,B
Wayne ,"59,688,388","65,336,740","59,738,519","69,664,636","62,460,277","70,666,616","68,762,764","74,645,074","72,136,992","87,663,085","74,689,162","367,976,151","337,787,713","$30,188,438",9%,0.0820,B
Wilkes ,"39,069,741","40,017,527","38,907,700","40,662,459","40,497,269","41,890,811","44,408,720","42,861,324","46,145,923","44,969,142","47,716,556","210,401,263","217,676,167","-$7,274,904",-3%,-0.0346,A
Wilson ,"54,508,024","57,019,858","55,040,308","58,483,581","58,114,506","59,765,055","63,604,731","67,808,394","66,300,550","68,877,970","68,823,952","311,954,858","311,884,046","$70,812",0%,0.0002,B
Yadkin ,"20,641,001","21,135,350","20,666,622","21,726,970","21,626,860","26,349,239","23,869,858","26,868,841","24,885,822","28,627,039","25,991,644","124,707,439","117,040,805","$7,666,634",7%,0.0615,B
Yancey ,"14,135,502","14,393,502","14,226,836","14,697,759","14,974,766","15,065,798","16,465,061","21,259,703","17,077,708","20,743,170","17,751,229","86,159,932","80,495,600","$5,664,332",7%,0.0657,B
Total,"8,310,652,004","8,677,507,008","8,420,518,337","9,115,493,208","9,015,403,138","9,804,974,246","9,993,806,878","10,460,319,822","10,500,252,990","11,077,894,772","10,975,568,239","49,136,189,056","48,905,549,581","$230,639,475",0%,0.0047,
